,clickspday,counts,normTitleCategory,state
0,43.404837430610606,793.0,admin,AK
1,13.583333333333302,314.0,childcare,AK
2,66.2894736842105,152.0,construction,AK
3,19.61400404448935,661.0,customer,AK
4,22.111111111111104,477.0,education,AK
5,15.64583333333335,1104.0,food,AK
6,15.0,878.0,install,AK
7,29.2,1390.0,management,AK
8,15.0578947368421,1379.0,mednurse,AK
9,20.5,503.0,medtech,AK
10,18.875,1148.0,retail,AK
11,21.662139219015252,954.0,sales,AK
12,29.0,121.0,science,AK
13,15.355421686747,430.0,service,AK
14,21.5,52.0,sports,AK
15,16.2222222222222,308.0,techinfo,AK
16,16.3,437.0,uncategorized,AK
0,17.7076923076923,424.0,accounting,AL
1,33.0,793.0,admin,AL
2,12.0,62.0,arts,AL
3,22.4375,123.0,care,AL
4,20.1764705882353,314.0,childcare,AL
5,24.1125,152.0,construction,AL
6,16.95833333333335,661.0,customer,AL
7,14.2,868.0,driver,AL
8,16.772727272727302,477.0,education,AL
9,27.625,38.0,engelectric,AL
10,16.725,120.0,engid,AL
11,26.380952380952397,42.0,engmech,AL
12,13.905820105820101,1104.0,food,AL
13,14.1,33.0,hospitality,AL
14,24.4,229.0,hr,AL
15,27.171875,878.0,install,AL
16,6.0,78.0,insurance,AL
17,17.92,1390.0,management,AL
18,15.3684210526316,298.0,manufacturing,AL
19,26.4545454545455,193.0,marketing,AL
20,15.473684210526299,352.0,meddr,AL
21,16.9,1379.0,mednurse,AL
22,18.125258799171853,503.0,medtech,AL
23,14.333333333333302,91.0,personal,AL
24,28.225806451612897,101.0,pharmacy,AL
25,29.5909090909091,67.0,realestate,AL
26,18.233333333333302,1148.0,retail,AL
27,13.66666666666665,954.0,sales,AL
28,19.5652173913043,284.0,sanitation,AL
29,22.904761904761894,121.0,science,AL
30,19.907407407407398,430.0,service,AL
31,34.658823529411805,186.0,techhelp,AL
32,26.8324175824176,308.0,techinfo,AL
33,15.5,618.0,techsoftware,AL
34,14.258064516129,335.0,therapy,AL
35,30.1875,437.0,uncategorized,AL
36,16.5909090909091,46.0,veterinary,AL
37,59.9,320.0,warehouse,AL
0,57.0,424.0,accounting,AR
1,86.0,793.0,admin,AR
2,21.875,152.0,construction,AR
3,63.548589341692754,661.0,customer,AR
4,15.5,868.0,driver,AR
5,21.68,477.0,education,AR
6,17.13785714285715,66.0,finance,AR
7,15.5714285714286,1104.0,food,AR
8,12.70833333333335,33.0,hospitality,AR
9,25.076923076923105,878.0,install,AR
10,32.782271944922556,78.0,insurance,AR
11,18.2142857142857,1390.0,management,AR
12,50.5,298.0,manufacturing,AR
13,15.48,63.0,meddental,AR
14,15.07,352.0,meddr,AR
15,42.381578947368396,127.0,medinfo,AR
16,15.5625,1379.0,mednurse,AR
17,21.1425,503.0,medtech,AR
18,17.9,19.0,military,AR
19,16.21666666666665,213.0,project,AR
20,15.4111111111111,1148.0,retail,AR
21,19.99632352941175,954.0,sales,AR
22,25.0,284.0,sanitation,AR
23,207.5,430.0,service,AR
24,33.657894736842096,186.0,techhelp,AR
25,16.5463917525773,308.0,techinfo,AR
26,10.499999999999986,618.0,techsoftware,AR
27,17.8571428571429,335.0,therapy,AR
28,69.15064102564119,320.0,warehouse,AR
0,15.576923076923098,424.0,accounting,AZ
1,23.31666666666665,793.0,admin,AZ
2,57.0,62.0,arts,AZ
3,21.721910112359552,123.0,care,AZ
4,17.7965260545906,314.0,childcare,AZ
5,35.3076923076923,152.0,construction,AZ
6,18.71875,661.0,customer,AZ
7,14.5902777777778,868.0,driver,AZ
8,17.0,477.0,education,AZ
9,21.5562218890555,38.0,engelectric,AZ
10,21.45,120.0,engid,AZ
11,18.15151515151515,66.0,finance,AZ
12,19.710317460317448,1104.0,food,AZ
13,60.157894736842096,33.0,hospitality,AZ
14,28.50378787878785,229.0,hr,AZ
15,17.702508960573496,878.0,install,AZ
16,84.5,78.0,insurance,AZ
17,12.0,77.0,legal,AZ
18,16.23660714285715,1390.0,management,AZ
19,14.285714285714299,298.0,manufacturing,AZ
20,24.75,193.0,marketing,AZ
21,26.6363636363636,63.0,meddental,AZ
22,14.142857142857098,352.0,meddr,AZ
23,46.0,61.0,media,AZ
24,51.6428571428571,127.0,medinfo,AZ
25,15.1875,1379.0,mednurse,AZ
26,17.354838709677402,503.0,medtech,AZ
27,11.466666666666699,91.0,personal,AZ
28,16.75,101.0,pharmacy,AZ
29,18.66764705882355,213.0,project,AZ
30,19.8752642706131,142.0,protective,AZ
31,19.2037037037037,67.0,realestate,AZ
32,16.83333333333335,1148.0,retail,AZ
33,16.4392911010558,954.0,sales,AZ
34,23.052631578947395,284.0,sanitation,AZ
35,48.6923076923077,121.0,science,AZ
36,27.4137931034483,430.0,service,AZ
37,11.25,7.0,socialscience,AZ
38,25.28735632183905,186.0,techhelp,AZ
39,19.4473684210526,308.0,techinfo,AZ
40,15.375,618.0,techsoftware,AZ
41,19.0,335.0,therapy,AZ
42,25.3,50.0,transport,AZ
43,20.502100840336148,437.0,uncategorized,AZ
44,17.52083333333335,46.0,veterinary,AZ
45,34.82,320.0,warehouse,AZ
0,18.7722772277228,424.0,accounting,CA
1,25.0,793.0,admin,CA
2,22.676470588235304,23.0,arch,CA
3,19.25,62.0,arts,CA
4,14.166666666666698,10.0,aviation,CA
5,25.41666666666665,123.0,care,CA
6,17.473856209150348,314.0,childcare,CA
7,19.0,152.0,construction,CA
8,19.3068181818182,661.0,customer,CA
9,17.428571428571402,868.0,driver,CA
10,17.458974358974352,477.0,education,CA
11,31.33333333333335,38.0,engcivil,CA
12,27.0,38.0,engelectric,CA
13,16.80692219679635,120.0,engid,CA
14,19.804347826087,42.0,engmech,CA
15,15.901364764268,66.0,finance,CA
16,17.67175066313,1104.0,food,CA
17,21.0,33.0,hospitality,CA
18,18.9722222222222,229.0,hr,CA
19,17.0547945205479,878.0,install,CA
20,22.25,78.0,insurance,CA
21,20.125,77.0,legal,CA
22,17.3333333333333,1390.0,management,CA
23,23.0,298.0,manufacturing,CA
24,21.6715465465465,193.0,marketing,CA
25,18.86625,74.0,math,CA
26,16.0,63.0,meddental,CA
27,14.2720588235294,352.0,meddr,CA
28,18.0277777777778,61.0,media,CA
29,24.1371794871795,127.0,medinfo,CA
30,15.84343434343435,1379.0,mednurse,CA
31,21.10416666666665,503.0,medtech,CA
32,16.210416666666653,91.0,personal,CA
33,14.41304347826085,101.0,pharmacy,CA
34,17.8,213.0,project,CA
35,25.047619047618998,142.0,protective,CA
36,28.6666666666667,67.0,realestate,CA
37,16.9333333333333,1148.0,retail,CA
38,17.22474747474745,954.0,sales,CA
39,16.625,284.0,sanitation,CA
40,22.5,121.0,science,CA
41,19.0,430.0,service,CA
42,26.419354838709697,7.0,socialscience,CA
43,15.03807303807305,52.0,sports,CA
44,18.66666666666665,186.0,techhelp,CA
45,18.685393258427,308.0,techinfo,CA
46,16.14285714285715,618.0,techsoftware,CA
47,14.3595505617978,335.0,therapy,CA
48,35.1081081081081,50.0,transport,CA
49,21.1333333333333,437.0,uncategorized,CA
50,48.99833333333335,46.0,veterinary,CA
51,22.7388888888889,320.0,warehouse,CA
0,28.142857142857103,424.0,accounting,CO
1,32.4444444444444,793.0,admin,CO
2,18.3333333333333,23.0,arch,CO
3,15.04301075268815,123.0,care,CO
4,18.8709677419355,314.0,childcare,CO
5,16.1724137931034,152.0,construction,CO
6,19.6666666666667,661.0,customer,CO
7,17.0,868.0,driver,CO
8,16.821428571428548,477.0,education,CO
9,23.4,38.0,engcivil,CO
10,21.727272727272748,38.0,engelectric,CO
11,32.04545454545455,120.0,engid,CO
12,24.13333333333335,42.0,engmech,CO
13,11.0,66.0,finance,CO
14,14.0217391304348,1104.0,food,CO
15,8.818181818181799,33.0,hospitality,CO
16,36.505760368663594,229.0,hr,CO
17,18.0439024390244,878.0,install,CO
18,27.078839869281,78.0,insurance,CO
19,15.8181818181818,77.0,legal,CO
20,18.684343434343447,1390.0,management,CO
21,21.1785714285714,298.0,manufacturing,CO
22,17.2142857142857,193.0,marketing,CO
23,33.77272727272725,74.0,math,CO
24,17.2016806722689,63.0,meddental,CO
25,15.9491525423729,352.0,meddr,CO
26,38.1857142857143,61.0,media,CO
27,32.6947368421053,127.0,medinfo,CO
28,15.525641025641049,1379.0,mednurse,CO
29,14.7586206896552,503.0,medtech,CO
30,26.0,91.0,personal,CO
31,13.81082474226805,213.0,project,CO
32,42.5782608695652,142.0,protective,CO
33,18.6,1148.0,retail,CO
34,17.7741935483871,954.0,sales,CO
35,14.306692344727999,284.0,sanitation,CO
36,14.47894736842105,121.0,science,CO
37,15.402298850574699,430.0,service,CO
38,17.475,52.0,sports,CO
39,15.93824404761905,186.0,techhelp,CO
40,18.206896551724103,308.0,techinfo,CO
41,19.574796747967497,618.0,techsoftware,CO
42,16.25,335.0,therapy,CO
43,18.75,50.0,transport,CO
44,19.0,437.0,uncategorized,CO
45,13.2777777777778,46.0,veterinary,CO
46,18.5,320.0,warehouse,CO
0,22.368421052631604,424.0,accounting,CT
1,38.25,793.0,admin,CT
2,68.5,62.0,arts,CT
3,11.33695652173915,123.0,care,CT
4,17.71875,314.0,childcare,CT
5,80.6723259762309,661.0,customer,CT
6,15.307692307692301,868.0,driver,CT
7,22.5,477.0,education,CT
8,12.0,120.0,engid,CT
9,29.6656314699793,66.0,finance,CT
10,14.6086956521739,1104.0,food,CT
11,20.790178571428548,229.0,hr,CT
12,18.93333333333335,878.0,install,CT
13,30.809523809523803,78.0,insurance,CT
14,18.221850346641197,1390.0,management,CT
15,33.8888888888889,298.0,manufacturing,CT
16,15.0,193.0,marketing,CT
17,31.2903225806452,63.0,meddental,CT
18,14.9409722222222,352.0,meddr,CT
19,14.5,127.0,medinfo,CT
20,13.0,1379.0,mednurse,CT
21,31.87703804347825,503.0,medtech,CT
22,14.34456928838955,91.0,personal,CT
23,12.0,101.0,pharmacy,CT
24,14.2307692307692,142.0,protective,CT
25,16.2742300724638,1148.0,retail,CT
26,20.0,954.0,sales,CT
27,27.98351648351645,284.0,sanitation,CT
28,31.772222222222247,430.0,service,CT
29,14.313725490196099,52.0,sports,CT
30,17.7847222222222,186.0,techhelp,CT
31,18.5625,308.0,techinfo,CT
32,15.75,618.0,techsoftware,CT
33,14.2059829059829,335.0,therapy,CT
34,14.785714285714299,50.0,transport,CT
35,16.1025641025641,437.0,uncategorized,CT
36,14.5652173913043,46.0,veterinary,CT
37,18.3333333333333,320.0,warehouse,CT
0,34.1666666666667,424.0,accounting,DC
1,15.375,793.0,admin,DC
2,12.5384615384615,314.0,childcare,DC
3,18.25,152.0,construction,DC
4,21.0,661.0,customer,DC
5,15.8636363636364,477.0,education,DC
6,22.93023255813955,120.0,engid,DC
7,69.0,42.0,engmech,DC
8,10.5,66.0,finance,DC
9,29.35,1104.0,food,DC
10,25.0904761904762,229.0,hr,DC
11,16.0,878.0,install,DC
12,19.9389140271493,77.0,legal,DC
13,19.3,1390.0,management,DC
14,18.6666666666667,193.0,marketing,DC
15,79.7738095238095,74.0,math,DC
16,6.0,63.0,meddental,DC
17,15.625525946704052,352.0,meddr,DC
18,12.8181818181818,61.0,media,DC
19,23.3,127.0,medinfo,DC
20,14.615384615384599,1379.0,mednurse,DC
21,13.8484848484848,91.0,personal,DC
22,19.575,213.0,project,DC
23,111.26315789473699,142.0,protective,DC
24,22.50434782608695,1148.0,retail,DC
25,18.2025316455696,954.0,sales,DC
26,13.7939393939394,121.0,science,DC
27,74.5,430.0,service,DC
28,18.9,186.0,techhelp,DC
29,23.0,308.0,techinfo,DC
30,17.03535353535355,618.0,techsoftware,DC
31,14.09555555555555,335.0,therapy,DC
32,18.5980392156863,437.0,uncategorized,DC
0,16.2222222222222,424.0,accounting,DE
1,497.0,793.0,admin,DE
2,28.0,62.0,arts,DE
3,29.5555555555556,123.0,care,DE
4,15.1,314.0,childcare,DE
5,120.875,661.0,customer,DE
6,19.9875,868.0,driver,DE
7,58.2666666666667,38.0,engelectric,DE
8,22.1666666666667,66.0,finance,DE
9,16.4375,1104.0,food,DE
10,22.5,878.0,install,DE
11,35.0,1390.0,management,DE
12,16.68,193.0,marketing,DE
13,15.8620689655172,352.0,meddr,DE
14,14.92,1379.0,mednurse,DE
15,22.5,503.0,medtech,DE
16,14.514492753623152,91.0,personal,DE
17,30.0,213.0,project,DE
18,34.5,142.0,protective,DE
19,14.92,1148.0,retail,DE
20,15.735294117647049,954.0,sales,DE
21,15.2816742081448,284.0,sanitation,DE
22,15.380952380952401,121.0,science,DE
23,42.8571428571429,430.0,service,DE
24,7.0,52.0,sports,DE
25,30.387096774193502,308.0,techinfo,DE
26,18.57386363636365,618.0,techsoftware,DE
27,13.22488372093025,335.0,therapy,DE
28,18.7,437.0,uncategorized,DE
29,32.531914893617,320.0,warehouse,DE
0,28.25675675675675,424.0,accounting,FL
1,40.75,793.0,admin,FL
2,16.16666666666665,3.0,agriculture,FL
3,14.5106382978723,23.0,arch,FL
4,20.04166666666665,62.0,arts,FL
5,23.3636363636364,123.0,care,FL
6,18.639784946236603,314.0,childcare,FL
7,17.4962962962963,152.0,construction,FL
8,19.9230769230769,661.0,customer,FL
9,19.6666666666667,868.0,driver,FL
10,18.190224358974348,477.0,education,FL
11,27.0,38.0,engcivil,FL
12,20.05555555555555,38.0,engelectric,FL
13,15.02166666666665,120.0,engid,FL
14,18.4,42.0,engmech,FL
15,30.0,66.0,finance,FL
16,15.7953846153846,1104.0,food,FL
17,20.73333333333335,33.0,hospitality,FL
18,37.0,229.0,hr,FL
19,20.8,878.0,install,FL
20,21.6153846153846,78.0,insurance,FL
21,24.3421052631579,77.0,legal,FL
22,18.28205128205125,1390.0,management,FL
23,26.6666666666667,298.0,manufacturing,FL
24,23.2961664329126,193.0,marketing,FL
25,16.53125,74.0,math,FL
26,38.0,63.0,meddental,FL
27,14.142857142857098,352.0,meddr,FL
28,22.95833333333335,61.0,media,FL
29,37.5,127.0,medinfo,FL
30,16.0147058823529,1379.0,mednurse,FL
31,18.0230402542373,503.0,medtech,FL
32,282.0,2.0,mining,FL
33,16.0666666666667,91.0,personal,FL
34,15.0,101.0,pharmacy,FL
35,24.7,213.0,project,FL
36,18.0875,142.0,protective,FL
37,18.8275862068966,67.0,realestate,FL
38,16.95665445665445,1148.0,retail,FL
39,19.488562091503248,954.0,sales,FL
40,19.1730769230769,284.0,sanitation,FL
41,27.7418300653595,121.0,science,FL
42,22.0,430.0,service,FL
43,14.333333333333302,52.0,sports,FL
44,21.1764705882353,186.0,techhelp,FL
45,20.0,308.0,techinfo,FL
46,16.739459815546752,618.0,techsoftware,FL
47,17.0,335.0,therapy,FL
48,54.51190476190475,50.0,transport,FL
49,21.91666666666665,437.0,uncategorized,FL
50,14.7586206896552,46.0,veterinary,FL
51,26.857142857142897,320.0,warehouse,FL
0,23.5,424.0,accounting,GA
1,49.5072463768116,793.0,admin,GA
2,14.749386252045849,23.0,arch,GA
3,91.8,62.0,arts,GA
4,100.333333333333,123.0,care,GA
5,17.7857142857143,314.0,childcare,GA
6,25.049504950495,152.0,construction,GA
7,28.461538461538503,661.0,customer,GA
8,16.5,868.0,driver,GA
9,17.8571428571429,477.0,education,GA
10,12.0,38.0,engcivil,GA
11,18.269519519519502,38.0,engelectric,GA
12,15.923076923076902,120.0,engid,GA
13,16.4,42.0,engmech,GA
14,57.17245657568235,66.0,finance,GA
15,16.0212765957447,1104.0,food,GA
16,24.9430303030303,33.0,hospitality,GA
17,52.875,229.0,hr,GA
18,19.7962962962963,878.0,install,GA
19,35.4769230769231,78.0,insurance,GA
20,23.2,77.0,legal,GA
21,18.5,1390.0,management,GA
22,25.30574324324325,298.0,manufacturing,GA
23,18.5,193.0,marketing,GA
24,16.25,74.0,math,GA
25,28.875,63.0,meddental,GA
26,15.39920948616605,352.0,meddr,GA
27,27.5625,61.0,media,GA
28,26.0,127.0,medinfo,GA
29,15.94460227272725,1379.0,mednurse,GA
30,26.733173076923098,503.0,medtech,GA
31,14.5384615384615,19.0,military,GA
32,17.8076923076923,91.0,personal,GA
33,14.3888888888889,101.0,pharmacy,GA
34,25.3206256109482,213.0,project,GA
35,31.724137931034498,142.0,protective,GA
36,58.1724137931034,67.0,realestate,GA
37,16.45,1148.0,retail,GA
38,16.612244897959197,954.0,sales,GA
39,26.2083333333333,284.0,sanitation,GA
40,20.53888888888885,121.0,science,GA
41,15.46,430.0,service,GA
42,19.53598014888335,186.0,techhelp,GA
43,15.791666666666698,308.0,techinfo,GA
44,20.0,618.0,techsoftware,GA
45,15.93936877076415,335.0,therapy,GA
46,13.666666666666698,50.0,transport,GA
47,20.9,437.0,uncategorized,GA
48,19.4,46.0,veterinary,GA
49,51.8666666666667,320.0,warehouse,GA
0,13.5,424.0,accounting,GU
1,23.67777777777775,10.0,aviation,GU
2,77.71086956521741,1148.0,retail,GU
0,26.737704918032797,424.0,accounting,HI
1,44.336890243902445,793.0,admin,HI
2,17.2941176470588,152.0,construction,HI
3,17.559139784946197,661.0,customer,HI
4,17.38372093023255,477.0,education,HI
5,12.55714285714285,38.0,engelectric,HI
6,14.487417491749198,1104.0,food,HI
7,17.57575757575755,878.0,install,HI
8,19.809523809523803,1390.0,management,HI
9,31.0,193.0,marketing,HI
10,15.83333333333335,352.0,meddr,HI
11,21.5,1379.0,mednurse,HI
12,24.28,503.0,medtech,HI
13,39.4230769230769,142.0,protective,HI
14,16.133928571428548,1148.0,retail,HI
15,19.0,954.0,sales,HI
16,22.800595238095248,430.0,service,HI
17,39.1095890410959,52.0,sports,HI
18,26.0,437.0,uncategorized,HI
19,46.5,320.0,warehouse,HI
0,16.423076923076902,424.0,accounting,IA
1,24.992559523809497,793.0,admin,IA
2,21.714285714285698,123.0,care,IA
3,30.960396039604,314.0,childcare,IA
4,15.333333333333302,661.0,customer,IA
5,16.0,868.0,driver,IA
6,15.666666666666698,477.0,education,IA
7,12.543269230769251,120.0,engid,IA
8,15.473214285714299,66.0,finance,IA
9,14.619038951583548,1104.0,food,IA
10,16.571428571428598,878.0,install,IA
11,45.76923076923075,78.0,insurance,IA
12,16.0,1390.0,management,IA
13,17.681818181818198,298.0,manufacturing,IA
14,17.0,193.0,marketing,IA
15,13.41721527320605,352.0,meddr,IA
16,54.810457516339845,127.0,medinfo,IA
17,15.0,1379.0,mednurse,IA
18,21.888888888888896,503.0,medtech,IA
19,15.42186128182615,213.0,project,IA
20,14.644444444444401,142.0,protective,IA
21,14.0125,1148.0,retail,IA
22,14.892857142857098,954.0,sales,IA
23,20.92857142857145,284.0,sanitation,IA
24,16.7019230769231,121.0,science,IA
25,48.85549872122765,430.0,service,IA
26,20.74166666666665,52.0,sports,IA
27,20.0,186.0,techhelp,IA
28,68.3333333333333,308.0,techinfo,IA
29,16.41666666666665,618.0,techsoftware,IA
30,13.3125,335.0,therapy,IA
31,17.25,50.0,transport,IA
32,18.0,437.0,uncategorized,IA
33,34.6129032258064,46.0,veterinary,IA
34,18.888888888888896,320.0,warehouse,IA
0,37.644444444444446,424.0,accounting,ID
1,26.25554323725055,793.0,admin,ID
2,31.116279069767398,123.0,care,ID
3,18.1248081841432,314.0,childcare,ID
4,17.0,661.0,customer,ID
5,15.642857142857098,868.0,driver,ID
6,14.4,477.0,education,ID
7,14.609756097561,120.0,engid,ID
8,13.800420168067252,878.0,install,ID
9,26.43333333333335,1390.0,management,ID
10,80.5714285714286,61.0,media,ID
11,16.225,1379.0,mednurse,ID
12,21.125,503.0,medtech,ID
13,26.5,19.0,military,ID
14,18.0769230769231,101.0,pharmacy,ID
15,15.5,1148.0,retail,ID
16,21.3071794871795,954.0,sales,ID
17,11.5277777777778,284.0,sanitation,ID
18,16.6071428571429,186.0,techhelp,ID
19,16.7777777777778,618.0,techsoftware,ID
20,17.93333333333335,335.0,therapy,ID
21,14.247311827957,437.0,uncategorized,ID
22,15.669444444444448,320.0,warehouse,ID
0,22.0,424.0,accounting,IL
1,19.7142857142857,793.0,admin,IL
2,23.9090909090909,62.0,arts,IL
3,31.6666666666667,10.0,aviation,IL
4,16.28151260504205,123.0,care,IL
5,18.8874269005848,314.0,childcare,IL
6,29.4019607843137,152.0,construction,IL
7,22.14,661.0,customer,IL
8,16.25,868.0,driver,IL
9,16.35784867306605,477.0,education,IL
10,31.0,38.0,engcivil,IL
11,17.3846153846154,120.0,engid,IL
12,17.85416666666665,42.0,engmech,IL
13,19.7,66.0,finance,IL
14,15.25,1104.0,food,IL
15,53.136363636363605,33.0,hospitality,IL
16,20.14955357142855,229.0,hr,IL
17,20.0,878.0,install,IL
18,16.413461538461547,78.0,insurance,IL
19,30.0232558139535,77.0,legal,IL
20,18.261904761904802,1390.0,management,IL
21,29.5789473684211,298.0,manufacturing,IL
22,54.5,193.0,marketing,IL
23,27.8,74.0,math,IL
24,39.285714285714306,63.0,meddental,IL
25,14.59054054054055,352.0,meddr,IL
26,29.38636363636365,61.0,media,IL
27,30.363783783783802,127.0,medinfo,IL
28,17.052631578947402,1379.0,mednurse,IL
29,19.0746268656716,503.0,medtech,IL
30,17.69444444444445,91.0,personal,IL
31,22.5,101.0,pharmacy,IL
32,19.1428571428571,213.0,project,IL
33,45.7728260869565,142.0,protective,IL
34,95.53130590339896,67.0,realestate,IL
35,17.507692307692302,1148.0,retail,IL
36,16.6739130434783,954.0,sales,IL
37,31.5666666666667,284.0,sanitation,IL
38,16.991666666666653,121.0,science,IL
39,21.56923076923075,430.0,service,IL
40,17.3333333333333,52.0,sports,IL
41,24.0,186.0,techhelp,IL
42,18.5287878787879,308.0,techinfo,IL
43,17.0,618.0,techsoftware,IL
44,17.0483870967742,335.0,therapy,IL
45,31.9677419354839,50.0,transport,IL
46,16.984693877551003,437.0,uncategorized,IL
47,26.264227642276403,46.0,veterinary,IL
48,40.2821782178218,320.0,warehouse,IL
0,18.414351851851848,424.0,accounting,IN
1,31.115384615384603,793.0,admin,IN
2,29.0,10.0,aviation,IN
3,15.83333333333335,123.0,care,IN
4,15.6470588235294,314.0,childcare,IN
5,17.4252873563218,152.0,construction,IN
6,25.91346153846155,661.0,customer,IN
7,15.833333333333302,868.0,driver,IN
8,17.35,477.0,education,IN
9,5.0,38.0,engcivil,IN
10,25.571428571428598,38.0,engelectric,IN
11,13.97727272727275,120.0,engid,IN
12,46.53333333333335,66.0,finance,IN
13,17.24444444444445,1104.0,food,IN
14,14.307692307692301,33.0,hospitality,IN
15,21.0,229.0,hr,IN
16,17.5,878.0,install,IN
17,12.75,78.0,insurance,IN
18,37.61142857142855,77.0,legal,IN
19,17.8472222222222,1390.0,management,IN
20,19.7142857142857,298.0,manufacturing,IN
21,16.961538461538503,193.0,marketing,IN
22,14.7692307692308,74.0,math,IN
23,18.1666666666667,63.0,meddental,IN
24,14.990476190476201,352.0,meddr,IN
25,66.6666666666667,127.0,medinfo,IN
26,16.1621621621622,1379.0,mednurse,IN
27,16.0,503.0,medtech,IN
28,12.51949152542375,91.0,personal,IN
29,22.5277777777778,101.0,pharmacy,IN
30,17.26488095238095,213.0,project,IN
31,24.875,142.0,protective,IN
32,15.0,67.0,realestate,IN
33,16.181818181818198,1148.0,retail,IN
34,15.630681818181799,954.0,sales,IN
35,17.5,284.0,sanitation,IN
36,28.0,121.0,science,IN
37,18.75,430.0,service,IN
38,13.8260869565217,52.0,sports,IN
39,7.0,308.0,techinfo,IN
40,18.4545454545455,618.0,techsoftware,IN
41,14.29365079365075,335.0,therapy,IN
42,10.6666666666667,50.0,transport,IN
43,20.5,437.0,uncategorized,IN
44,24.15625,320.0,warehouse,IN
0,32.27564102564105,424.0,accounting,KS
1,23.75,793.0,admin,KS
2,30.4736842105263,62.0,arts,KS
3,43.0,314.0,childcare,KS
4,17.8333333333333,152.0,construction,KS
5,15.5,661.0,customer,KS
6,15.625,868.0,driver,KS
7,18.5,477.0,education,KS
8,36.0,120.0,engid,KS
9,16.5,1104.0,food,KS
10,61.255952380952394,229.0,hr,KS
11,17.74242424242425,878.0,install,KS
12,14.714285714285701,1390.0,management,KS
13,19.701078582434498,298.0,manufacturing,KS
14,21.4285714285714,193.0,marketing,KS
15,14.0,352.0,meddr,KS
16,35.5,127.0,medinfo,KS
17,16.6578947368421,1379.0,mednurse,KS
18,74.8125,503.0,medtech,KS
19,12.7,91.0,personal,KS
20,21.48563218390805,213.0,project,KS
21,95.25,142.0,protective,KS
22,18.1323529411765,1148.0,retail,KS
23,16.0,954.0,sales,KS
24,44.6304347826087,284.0,sanitation,KS
25,31.8,430.0,service,KS
26,17.742574257425698,52.0,sports,KS
27,20.0,308.0,techinfo,KS
28,15.636363636363651,618.0,techsoftware,KS
29,11.931034482758601,335.0,therapy,KS
30,15.0,437.0,uncategorized,KS
31,17.9642857142857,46.0,veterinary,KS
32,15.625,320.0,warehouse,KS
0,19.3,424.0,accounting,KY
1,32.48979591836735,793.0,admin,KY
2,12.25,123.0,care,KY
3,15.8125,314.0,childcare,KY
4,18.5697004608295,152.0,construction,KY
5,17.7941176470588,661.0,customer,KY
6,16.0,868.0,driver,KY
7,11.0,477.0,education,KY
8,15.5714285714286,7.0,engchem,KY
9,10.6190476190476,66.0,finance,KY
10,15.85,1104.0,food,KY
11,90.4243697478991,229.0,hr,KY
12,21.76,878.0,install,KY
13,16.8769230769231,1390.0,management,KY
14,16.5675675675676,298.0,manufacturing,KY
15,34.8,193.0,marketing,KY
16,14.697916666666698,352.0,meddr,KY
17,45.0,127.0,medinfo,KY
18,13.0128205128205,1379.0,mednurse,KY
19,20.720930232558104,503.0,medtech,KY
20,15.4285714285714,19.0,military,KY
21,17.0,101.0,pharmacy,KY
22,18.10175438596495,142.0,protective,KY
23,14.7761194029851,1148.0,retail,KY
24,18.6666666666667,954.0,sales,KY
25,31.6666666666667,284.0,sanitation,KY
26,40.5555555555556,121.0,science,KY
27,65.8,430.0,service,KY
28,20.3433574700754,308.0,techinfo,KY
29,19.625,618.0,techsoftware,KY
30,15.9285714285714,335.0,therapy,KY
31,23.3125,437.0,uncategorized,KY
32,19.3142857142857,320.0,warehouse,KY
0,17.2282608695652,424.0,accounting,LA
1,25.68,793.0,admin,LA
2,38.2,62.0,arts,LA
3,79.3333333333333,123.0,care,LA
4,58.2051282051282,314.0,childcare,LA
5,16.1611253196931,152.0,construction,LA
6,15.7875,661.0,customer,LA
7,14.258241758241748,868.0,driver,LA
8,17.0,477.0,education,LA
9,15.929089443996801,38.0,engcivil,LA
10,13.8501080580426,1104.0,food,LA
11,31.06521739130435,229.0,hr,LA
12,19.7,878.0,install,LA
13,17.192307692307697,1390.0,management,LA
14,28.493333333333347,298.0,manufacturing,LA
15,9.0,352.0,meddr,LA
16,132.70329670329684,127.0,medinfo,LA
17,17.25,1379.0,mednurse,LA
18,28.253164556962,503.0,medtech,LA
19,24.0,19.0,military,LA
20,20.14941494149415,91.0,personal,LA
21,87.0,213.0,project,LA
22,25.636363636363647,142.0,protective,LA
23,23.5,1148.0,retail,LA
24,24.636363636363647,954.0,sales,LA
25,18.6484375,284.0,sanitation,LA
26,31.3230769230769,430.0,service,LA
27,23.38235294117645,618.0,techsoftware,LA
28,13.142857142857098,335.0,therapy,LA
29,22.0166666666667,50.0,transport,LA
30,17.981111111111098,437.0,uncategorized,LA
31,18.3333333333333,320.0,warehouse,LA
0,22.21462264150945,424.0,accounting,MA
1,25.6741935483871,793.0,admin,MA
2,15.0,62.0,arts,MA
3,43.0,123.0,care,MA
4,18.125,314.0,childcare,MA
5,35.59925925925925,152.0,construction,MA
6,17.75,661.0,customer,MA
7,23.0,868.0,driver,MA
8,15.634615384615401,477.0,education,MA
9,12.0441176470588,38.0,engcivil,MA
10,19.50837871805615,120.0,engid,MA
11,16.2,1104.0,food,MA
12,26.0,229.0,hr,MA
13,15.142857142857098,878.0,install,MA
14,20.25,78.0,insurance,MA
15,20.5,77.0,legal,MA
16,19.0740740740741,1390.0,management,MA
17,18.3571428571429,298.0,manufacturing,MA
18,28.2680412371134,193.0,marketing,MA
19,16.0,74.0,math,MA
20,12.955555555555598,63.0,meddental,MA
21,13.492857142857149,352.0,meddr,MA
22,22.25,61.0,media,MA
23,21.9,127.0,medinfo,MA
24,16.375,1379.0,mednurse,MA
25,17.4545454545455,503.0,medtech,MA
26,17.8333333333333,91.0,personal,MA
27,13.9112113402062,101.0,pharmacy,MA
28,22.99632352941175,213.0,project,MA
29,13.258064516129,142.0,protective,MA
30,30.12,67.0,realestate,MA
31,15.3703703703704,1148.0,retail,MA
32,16.467669172932304,954.0,sales,MA
33,19.955555555555602,284.0,sanitation,MA
34,22.0,121.0,science,MA
35,19.0,430.0,service,MA
36,17.6666666666667,7.0,socialscience,MA
37,17.5,186.0,techhelp,MA
38,20.0,308.0,techinfo,MA
39,16.9,618.0,techsoftware,MA
40,16.16666666666665,335.0,therapy,MA
41,11.25,50.0,transport,MA
42,19.0625,437.0,uncategorized,MA
43,44.485714285714295,46.0,veterinary,MA
44,22.9,320.0,warehouse,MA
0,18.085416666666653,424.0,accounting,MD
1,29.178571428571402,793.0,admin,MD
2,20.6388888888889,314.0,childcare,MD
3,17.5,152.0,construction,MD
4,22.912087912087898,661.0,customer,MD
5,15.0,868.0,driver,MD
6,18.16666666666665,477.0,education,MD
7,19.043478260869602,38.0,engelectric,MD
8,17.8125,120.0,engid,MD
9,17.75,1104.0,food,MD
10,101.13839285714286,229.0,hr,MD
11,17.0705882352941,878.0,install,MD
12,20.0,78.0,insurance,MD
13,33.512250453720505,77.0,legal,MD
14,19.08333333333335,1390.0,management,MD
15,24.2,298.0,manufacturing,MD
16,17.9375,193.0,marketing,MD
17,22.8925,74.0,math,MD
18,23.5789473684211,63.0,meddental,MD
19,14.35,352.0,meddr,MD
20,25.0,61.0,media,MD
21,13.421875,127.0,medinfo,MD
22,17.3125,1379.0,mednurse,MD
23,18.35,503.0,medtech,MD
24,23.26,91.0,personal,MD
25,20.0,213.0,project,MD
26,19.2903225806452,142.0,protective,MD
27,19.0769230769231,67.0,realestate,MD
28,22.461538461538503,1148.0,retail,MD
29,19.379629629629648,954.0,sales,MD
30,23.015350877193,284.0,sanitation,MD
31,22.2978723404255,121.0,science,MD
32,30.0,430.0,service,MD
33,16.3076923076923,186.0,techhelp,MD
34,17.0,308.0,techinfo,MD
35,18.375,618.0,techsoftware,MD
36,17.22857142857145,335.0,therapy,MD
37,22.0,50.0,transport,MD
38,47.7943548387097,437.0,uncategorized,MD
39,16.1190476190476,320.0,warehouse,MD
0,4.0,424.0,accounting,ME
1,20.5,793.0,admin,ME
2,15.28,123.0,care,ME
3,17.1176470588235,314.0,childcare,ME
4,13.4438775510204,661.0,customer,ME
5,18.96,868.0,driver,ME
6,20.4181818181818,477.0,education,ME
7,15.307692307692301,1104.0,food,ME
8,18.0,878.0,install,ME
9,36.4375,1390.0,management,ME
10,21.2857142857143,298.0,manufacturing,ME
11,14.909090909090901,352.0,meddr,ME
12,14.0,1379.0,mednurse,ME
13,17.203743895822,503.0,medtech,ME
14,16.3333333333333,91.0,personal,ME
15,42.0178571428571,142.0,protective,ME
16,15.447761194029901,1148.0,retail,ME
17,15.7,954.0,sales,ME
18,15.0220588235294,284.0,sanitation,ME
19,14.117647058823499,121.0,science,ME
20,20.644047619047647,430.0,service,ME
21,29.9,186.0,techhelp,ME
22,23.7,618.0,techsoftware,ME
23,14.233333333333348,335.0,therapy,ME
24,17.773809523809497,437.0,uncategorized,ME
25,20.90757575757575,320.0,warehouse,ME
0,24.573680351906148,424.0,accounting,MI
1,32.3346153846154,793.0,admin,MI
2,23.71348940914155,62.0,arts,MI
3,19.1333333333333,10.0,aviation,MI
4,30.0909090909091,123.0,care,MI
5,18.2,314.0,childcare,MI
6,20.58262626262625,152.0,construction,MI
7,21.13125,661.0,customer,MI
8,15.285714285714299,868.0,driver,MI
9,15.658333333333301,477.0,education,MI
10,19.550179211469548,38.0,engelectric,MI
11,17.0,120.0,engid,MI
12,15.80555555555555,42.0,engmech,MI
13,18.72578184591915,1104.0,food,MI
14,21.0,33.0,hospitality,MI
15,48.26315789473679,229.0,hr,MI
16,16.4777777777778,878.0,install,MI
17,15.83333333333335,78.0,insurance,MI
18,14.87894736842105,1390.0,management,MI
19,23.601851851851848,298.0,manufacturing,MI
20,16.4838709677419,193.0,marketing,MI
21,123.0,74.0,math,MI
22,19.386138613861398,63.0,meddental,MI
23,14.75,352.0,meddr,MI
24,43.34375,61.0,media,MI
25,23.6770833333333,127.0,medinfo,MI
26,16.0,1379.0,mednurse,MI
27,20.9677419354839,503.0,medtech,MI
28,16.86206896551725,91.0,personal,MI
29,25.71951219512195,101.0,pharmacy,MI
30,16.4731182795699,213.0,project,MI
31,40.37979539641945,142.0,protective,MI
32,43.8333333333333,67.0,realestate,MI
33,16.051724137931,1148.0,retail,MI
34,16.925,954.0,sales,MI
35,48.0,284.0,sanitation,MI
36,21.3730769230769,430.0,service,MI
37,35.7142857142857,52.0,sports,MI
38,25.0,186.0,techhelp,MI
39,16.3888888888889,308.0,techinfo,MI
40,16.809523809523803,618.0,techsoftware,MI
41,23.83658536585365,335.0,therapy,MI
42,18.7796610169492,437.0,uncategorized,MI
43,20.73076923076925,320.0,warehouse,MI
0,21.596875,424.0,accounting,MN
1,20.0,793.0,admin,MN
2,16.1482683982684,23.0,arch,MN
3,19.8611111111111,123.0,care,MN
4,24.1764705882353,314.0,childcare,MN
5,53.29637096774195,152.0,construction,MN
6,19.1666666666667,661.0,customer,MN
7,18.181818181818198,868.0,driver,MN
8,14.8783783783784,477.0,education,MN
9,13.520833333333302,120.0,engid,MN
10,32.0,66.0,finance,MN
11,14.84,1104.0,food,MN
12,21.2222222222222,229.0,hr,MN
13,16.501578282828298,878.0,install,MN
14,37.0,78.0,insurance,MN
15,30.076923076923105,77.0,legal,MN
16,17.854838709677402,1390.0,management,MN
17,27.0,298.0,manufacturing,MN
18,24.4090909090909,193.0,marketing,MN
19,17.773913043478252,63.0,meddental,MN
20,10.5705882352941,352.0,meddr,MN
21,17.4,61.0,media,MN
22,14.050751879699249,127.0,medinfo,MN
23,17.554044117647052,1379.0,mednurse,MN
24,25.0689655172414,503.0,medtech,MN
25,19.05,19.0,military,MN
26,30.1395348837209,2.0,mining,MN
27,14.0,91.0,personal,MN
28,20.1071428571429,101.0,pharmacy,MN
29,58.5625,213.0,project,MN
30,17.1517857142857,142.0,protective,MN
31,23.7983870967742,67.0,realestate,MN
32,15.355555555555599,1148.0,retail,MN
33,17.58333333333335,954.0,sales,MN
34,15.59375,284.0,sanitation,MN
35,15.957142857142902,121.0,science,MN
36,19.216666666666697,430.0,service,MN
37,24.5,52.0,sports,MN
38,17.7966101694915,186.0,techhelp,MN
39,20.7278481012658,308.0,techinfo,MN
40,18.82395833333335,618.0,techsoftware,MN
41,14.45238095238095,335.0,therapy,MN
42,18.0,437.0,uncategorized,MN
43,18.8732876712329,46.0,veterinary,MN
44,13.924528301886802,320.0,warehouse,MN
0,22.4210526315789,424.0,accounting,MO
1,35.452951753071595,793.0,admin,MO
2,44.6666666666667,62.0,arts,MO
3,21.233333333333302,123.0,care,MO
4,20.0714285714286,314.0,childcare,MO
5,18.7826086956522,661.0,customer,MO
6,16.828333333333347,868.0,driver,MO
7,20.866666666666653,477.0,education,MO
8,11.0,120.0,engid,MO
9,11.0,66.0,finance,MO
10,18.5,1104.0,food,MO
11,55.04166666666665,229.0,hr,MO
12,19.0,878.0,install,MO
13,27.0,78.0,insurance,MO
14,15.711538461538451,1390.0,management,MO
15,23.47227722772275,298.0,manufacturing,MO
16,32.0,193.0,marketing,MO
17,18.93548827059465,74.0,math,MO
18,12.589598997493699,63.0,meddental,MO
19,18.25,352.0,meddr,MO
20,12.0,127.0,medinfo,MO
21,17.49354838709675,1379.0,mednurse,MO
22,23.7668269230769,503.0,medtech,MO
23,11.666666666666698,91.0,personal,MO
24,19.6,213.0,project,MO
25,86.0,142.0,protective,MO
26,9.5,67.0,realestate,MO
27,15.02942942942945,1148.0,retail,MO
28,17.9056603773585,954.0,sales,MO
29,30.0,284.0,sanitation,MO
30,15.1657258064516,121.0,science,MO
31,29.953431372548998,430.0,service,MO
32,14.46453651685395,186.0,techhelp,MO
33,20.0,308.0,techinfo,MO
34,14.444444444444402,618.0,techsoftware,MO
35,16.6428571428571,335.0,therapy,MO
36,17.0,437.0,uncategorized,MO
37,35.473684210526294,320.0,warehouse,MO
0,55.9846153846154,793.0,admin,MS
1,22.1666666666667,314.0,childcare,MS
2,40.08823529411765,661.0,customer,MS
3,12.603686635944701,868.0,driver,MS
4,19.0,120.0,engid,MS
5,14.0,1104.0,food,MS
6,20.5,229.0,hr,MS
7,29.91666666666665,878.0,install,MS
8,15.473529411764702,1390.0,management,MS
9,11.533333333333301,298.0,manufacturing,MS
10,9.0,352.0,meddr,MS
11,15.2,1379.0,mednurse,MS
12,7.0,503.0,medtech,MS
13,26.3333333333333,101.0,pharmacy,MS
14,61.5,213.0,project,MS
15,15.02944444444445,1148.0,retail,MS
16,21.25,954.0,sales,MS
17,69.0833333333333,284.0,sanitation,MS
18,16.56666666666665,121.0,science,MS
19,29.0,430.0,service,MS
20,24.270390070921948,335.0,therapy,MS
21,34.5,50.0,transport,MS
22,19.48,437.0,uncategorized,MS
0,20.6875,314.0,childcare,MT
1,12.1411764705882,868.0,driver,MT
2,19.681818181818198,1104.0,food,MT
3,17.51793103448275,878.0,install,MT
4,13.9206730769231,1390.0,management,MT
5,28.5,298.0,manufacturing,MT
6,14.15,352.0,meddr,MT
7,13.678571428571452,1379.0,mednurse,MT
8,28.220588235294098,503.0,medtech,MT
9,14.3793103448276,1148.0,retail,MT
10,14.2372881355932,954.0,sales,MT
11,27.6666666666667,284.0,sanitation,MT
12,21.0,430.0,service,MT
13,14.370967741935502,52.0,sports,MT
14,27.344262295082,618.0,techsoftware,MT
15,16.423529411764697,437.0,uncategorized,MT
0,21.0,424.0,accounting,NC
1,36.883333333333354,793.0,admin,NC
2,12.2,23.0,arch,NC
3,45.03571428571429,62.0,arts,NC
4,21.4838709677419,123.0,care,NC
5,19.0,314.0,childcare,NC
6,21.13636363636365,152.0,construction,NC
7,22.0,661.0,customer,NC
8,17.42261904761905,868.0,driver,NC
9,18.70936724565755,477.0,education,NC
10,13.0,38.0,engcivil,NC
11,10.92,120.0,engid,NC
12,38.78125,66.0,finance,NC
13,15.12,1104.0,food,NC
14,44.584529505582154,33.0,hospitality,NC
15,26.6,229.0,hr,NC
16,18.5161290322581,878.0,install,NC
17,76.6666666666667,78.0,insurance,NC
18,21.2,1390.0,management,NC
19,26.2,298.0,manufacturing,NC
20,15.4285714285714,193.0,marketing,NC
21,25.16666666666665,63.0,meddental,NC
22,16.8555555555556,352.0,meddr,NC
23,15.809523809523801,1379.0,mednurse,NC
24,18.0,503.0,medtech,NC
25,20.6666666666667,19.0,military,NC
26,15.3263888888889,91.0,personal,NC
27,15.808510638297902,101.0,pharmacy,NC
28,23.0,213.0,project,NC
29,47.46666666666665,142.0,protective,NC
30,13.5180722891566,67.0,realestate,NC
31,17.8730158730159,1148.0,retail,NC
32,19.6072874493927,954.0,sales,NC
33,21.911866359446996,284.0,sanitation,NC
34,18.3333333333333,121.0,science,NC
35,23.7440476190476,430.0,service,NC
36,24.3703703703704,7.0,socialscience,NC
37,60.92307692307695,52.0,sports,NC
38,27.0,186.0,techhelp,NC
39,20.02564102564105,308.0,techinfo,NC
40,19.053030303030297,618.0,techsoftware,NC
41,17.4117647058824,335.0,therapy,NC
42,25.48084577114425,50.0,transport,NC
43,15.759146341463401,437.0,uncategorized,NC
44,17.49436392914655,46.0,veterinary,NC
45,23.2445652173913,320.0,warehouse,NC
0,22.68077956989245,793.0,admin,ND
1,22.6666666666667,152.0,construction,ND
2,15.958333333333302,661.0,customer,ND
3,14.541666666666698,868.0,driver,ND
4,16.3333333333333,477.0,education,ND
5,19.978632478632452,1104.0,food,ND
6,17.7857142857143,878.0,install,ND
7,28.62886597938145,1390.0,management,ND
8,32.737288135593204,298.0,manufacturing,ND
9,14.519230769230749,352.0,meddr,ND
10,16.25,1379.0,mednurse,ND
11,16.7294685990338,503.0,medtech,ND
12,15.4285714285714,142.0,protective,ND
13,14.5,1148.0,retail,ND
14,17.98333333333335,954.0,sales,ND
15,26.9677419354839,284.0,sanitation,ND
16,19.3214285714286,430.0,service,ND
17,16.674418604651198,308.0,techinfo,ND
18,22.0,335.0,therapy,ND
0,32.294117647058805,424.0,accounting,NE
1,49.26923076923075,793.0,admin,NE
2,24.111111111111104,314.0,childcare,NE
3,15.176470588235302,152.0,construction,NE
4,45.625,661.0,customer,NE
5,15.58333333333335,868.0,driver,NE
6,13.423913043478251,477.0,education,NE
7,16.46401515151515,38.0,engcivil,NE
8,18.48790322580645,1104.0,food,NE
9,16.7714285714286,33.0,hospitality,NE
10,22.969696969696997,229.0,hr,NE
11,16.6,878.0,install,NE
12,39.3333333333333,78.0,insurance,NE
13,23.714285714285698,77.0,legal,NE
14,19.3548387096774,1390.0,management,NE
15,15.9468864468864,298.0,manufacturing,NE
16,12.0,352.0,meddr,NE
17,15.85714285714285,1379.0,mednurse,NE
18,16.8118811881188,503.0,medtech,NE
19,31.0,101.0,pharmacy,NE
20,41.3375,142.0,protective,NE
21,15.296875,1148.0,retail,NE
22,16.0043103448276,954.0,sales,NE
23,14.34895833333335,284.0,sanitation,NE
24,11.0,121.0,science,NE
25,20.6222222222222,430.0,service,NE
26,66.9090909090909,186.0,techhelp,NE
27,11.83333333333335,618.0,techsoftware,NE
28,15.24545454545455,335.0,therapy,NE
29,23.173913043478304,437.0,uncategorized,NE
30,25.70224719101125,320.0,warehouse,NE
0,17.16493055555555,793.0,admin,NH
1,17.46,123.0,care,NH
2,18.19117647058825,314.0,childcare,NH
3,13.37,152.0,construction,NH
4,22.676767676767696,661.0,customer,NH
5,14.109375,868.0,driver,NH
6,14.56,1104.0,food,NH
7,15.285714285714299,33.0,hospitality,NH
8,21.3793103448276,878.0,install,NH
9,21.592592592592602,1390.0,management,NH
10,14.0,352.0,meddr,NH
11,12.75,1379.0,mednurse,NH
12,14.27272727272725,503.0,medtech,NH
13,23.0,101.0,pharmacy,NH
14,16.733333333333302,1148.0,retail,NH
15,14.48,954.0,sales,NH
16,23.68,284.0,sanitation,NH
17,59.023809523809554,430.0,service,NH
18,18.0,52.0,sports,NH
19,11.0,308.0,techinfo,NH
20,15.95833333333335,618.0,techsoftware,NH
21,8.871951219512201,335.0,therapy,NH
22,18.728064516129052,437.0,uncategorized,NH
23,22.790697674418603,46.0,veterinary,NH
24,19.0,320.0,warehouse,NH
0,28.625,424.0,accounting,NJ
1,33.3061224489796,793.0,admin,NJ
2,25.0,23.0,arch,NJ
3,25.841836734693853,62.0,arts,NJ
4,36.2,123.0,care,NJ
5,17.74122807017545,314.0,childcare,NJ
6,20.53960396039605,152.0,construction,NJ
7,28.53125,661.0,customer,NJ
8,17.428571428571402,868.0,driver,NJ
9,19.875,477.0,education,NJ
10,18.575,38.0,engcivil,NJ
11,38.6666666666667,38.0,engelectric,NJ
12,15.063829787234,120.0,engid,NJ
13,25.7875,42.0,engmech,NJ
14,14.648611111111148,66.0,finance,NJ
15,17.1041666666667,1104.0,food,NJ
16,32.5,33.0,hospitality,NJ
17,23.681818181818198,229.0,hr,NJ
18,15.0,878.0,install,NJ
19,16.318181818181802,77.0,legal,NJ
20,19.6,1390.0,management,NJ
21,24.158181818181802,193.0,marketing,NJ
22,21.0,74.0,math,NJ
23,43.5,63.0,meddental,NJ
24,13.36842105263155,352.0,meddr,NJ
25,39.198529411764696,61.0,media,NJ
26,63.275,127.0,medinfo,NJ
27,16.4651162790698,1379.0,mednurse,NJ
28,25.707272727272752,503.0,medtech,NJ
29,51.6666666666667,101.0,pharmacy,NJ
30,19.6666666666667,213.0,project,NJ
31,75.578125,142.0,protective,NJ
32,16.0357142857143,67.0,realestate,NJ
33,18.425,1148.0,retail,NJ
34,21.23333333333335,954.0,sales,NJ
35,17.307692307692303,284.0,sanitation,NJ
36,24.99086021505375,121.0,science,NJ
37,23.175257731958798,430.0,service,NJ
38,18.299357945425403,52.0,sports,NJ
39,17.0648484848485,186.0,techhelp,NJ
40,24.0,308.0,techinfo,NJ
41,18.2903225806452,618.0,techsoftware,NJ
42,21.25,335.0,therapy,NJ
43,127.333333333333,50.0,transport,NJ
44,18.1290322580645,437.0,uncategorized,NJ
45,23.0454545454545,46.0,veterinary,NJ
46,24.307125307125297,320.0,warehouse,NJ
0,29.933333333333348,424.0,accounting,NM
1,31.91666666666665,793.0,admin,NM
2,29.4736842105263,123.0,care,NM
3,29.2941176470588,314.0,childcare,NM
4,55.745901639344254,661.0,customer,NM
5,13.666666666666698,868.0,driver,NM
6,11.96875,477.0,education,NM
7,27.6847826086957,38.0,engcivil,NM
8,21.969696969696997,120.0,engid,NM
9,23.5,1104.0,food,NM
10,14.35630498533725,878.0,install,NM
11,15.0,1390.0,management,NM
12,27.0,298.0,manufacturing,NM
13,33.1428571428571,63.0,meddental,NM
14,12.583333333333302,352.0,meddr,NM
15,18.307692307692303,127.0,medinfo,NM
16,14.97,1379.0,mednurse,NM
17,18.41703703703705,503.0,medtech,NM
18,9.0,213.0,project,NM
19,18.6666666666667,1148.0,retail,NM
20,16.276212832550847,954.0,sales,NM
21,14.9387755102041,284.0,sanitation,NM
22,16.25,121.0,science,NM
23,19.38194444444445,430.0,service,NM
24,110.235294117647,7.0,socialscience,NM
25,19.0,308.0,techinfo,NM
26,13.105263157894699,335.0,therapy,NM
27,12.689393939393948,437.0,uncategorized,NM
28,57.978571428571655,320.0,warehouse,NM
0,34.21491228070175,424.0,accounting,NV
1,30.2307692307692,793.0,admin,NV
2,15.192307692307699,23.0,arch,NV
3,26.25,123.0,care,NV
4,70.2857142857143,314.0,childcare,NV
5,16.554455445544548,152.0,construction,NV
6,18.956521739130398,661.0,customer,NV
7,18.75,868.0,driver,NV
8,20.44791666666665,477.0,education,NV
9,23.2040133779264,120.0,engid,NV
10,18.7142857142857,1104.0,food,NV
11,16.0,33.0,hospitality,NV
12,31.5277777777778,229.0,hr,NV
13,20.3076923076923,878.0,install,NV
14,14.477882270985699,1390.0,management,NV
15,24.325,193.0,marketing,NV
16,16.04166666666665,74.0,math,NV
17,12.607142857142902,352.0,meddr,NV
18,18.152173913043498,61.0,media,NV
19,17.133333333333347,1379.0,mednurse,NV
20,16.1812015503876,503.0,medtech,NV
21,11.976190476190501,91.0,personal,NV
22,16.0,101.0,pharmacy,NV
23,16.138297872340452,142.0,protective,NV
24,18.56447368421055,1148.0,retail,NV
25,23.481707317073152,954.0,sales,NV
26,19.143115942029,284.0,sanitation,NV
27,33.175,430.0,service,NV
28,21.4590909090909,186.0,techhelp,NV
29,27.0,618.0,techsoftware,NV
30,16.25,335.0,therapy,NV
31,29.75,437.0,uncategorized,NV
32,107.46875,320.0,warehouse,NV
0,18.9012345679012,424.0,accounting,NY
1,28.0,793.0,admin,NY
2,14.2162162162162,23.0,arch,NY
3,28.7,62.0,arts,NY
4,28.75,123.0,care,NY
5,19.6487455197133,314.0,childcare,NY
6,19.0,152.0,construction,NY
7,25.74731182795695,661.0,customer,NY
8,19.76666666666665,868.0,driver,NY
9,16.45108695652175,477.0,education,NY
10,13.315789473684198,7.0,engchem,NY
11,16.774647887323898,38.0,engelectric,NY
12,18.90416666666665,120.0,engid,NY
13,17.3756677999029,42.0,engmech,NY
14,40.2,66.0,finance,NY
15,19.818181818181802,1104.0,food,NY
16,56.6333333333335,33.0,hospitality,NY
17,21.64942528735635,229.0,hr,NY
18,15.537037037037,878.0,install,NY
19,15.959595959596,78.0,insurance,NY
20,23.6363636363636,77.0,legal,NY
21,15.929402432575401,1390.0,management,NY
22,28.0020292207792,298.0,manufacturing,NY
23,24.3416860916861,193.0,marketing,NY
24,19.8571428571429,74.0,math,NY
25,21.402173913043498,63.0,meddental,NY
26,13.0,352.0,meddr,NY
27,24.5555555555556,61.0,media,NY
28,16.266666666666698,127.0,medinfo,NY
29,16.8695652173913,1379.0,mednurse,NY
30,19.288461538461497,503.0,medtech,NY
31,14.3908045977012,19.0,military,NY
32,13.309999999999999,91.0,personal,NY
33,52.495652173913044,101.0,pharmacy,NY
34,17.14583333333335,213.0,project,NY
35,17.8867924528302,142.0,protective,NY
36,22.887096774193502,67.0,realestate,NY
37,23.25,1148.0,retail,NY
38,16.1818181818182,954.0,sales,NY
39,22.2903225806452,284.0,sanitation,NY
40,17.67045454545455,121.0,science,NY
41,20.95945945945945,430.0,service,NY
42,27.818181818181802,52.0,sports,NY
43,22.2142857142857,186.0,techhelp,NY
44,19.383867276887848,308.0,techinfo,NY
45,18.466666666666697,618.0,techsoftware,NY
46,15.99753086419755,335.0,therapy,NY
47,19.77777777777775,50.0,transport,NY
48,17.875,437.0,uncategorized,NY
49,42.0,320.0,warehouse,NY
0,29.0806451612903,424.0,accounting,OH
1,36.5,793.0,admin,OH
2,17.2380952380952,23.0,arch,OH
3,17.3916562889166,62.0,arts,OH
4,18.7767857142857,123.0,care,OH
5,18.3571428571429,314.0,childcare,OH
6,18.935483870967698,152.0,construction,OH
7,30.4,661.0,customer,OH
8,14.5652173913043,868.0,driver,OH
9,15.2125,477.0,education,OH
10,19.075,7.0,engchem,OH
11,25.1333333333333,38.0,engcivil,OH
12,23.0,38.0,engelectric,OH
13,17.66666666666665,120.0,engid,OH
14,17.7421875,42.0,engmech,OH
15,22.863636363636353,66.0,finance,OH
16,16.571428571428598,1104.0,food,OH
17,23.197010869565197,229.0,hr,OH
18,16.9375,878.0,install,OH
19,16.81601307189545,78.0,insurance,OH
20,17.0,1390.0,management,OH
21,19.97447368421055,298.0,manufacturing,OH
22,25.3407103825137,193.0,marketing,OH
23,22.338235294117652,74.0,math,OH
24,13.590909090909099,63.0,meddental,OH
25,13.0691176470588,352.0,meddr,OH
26,16.6669758812616,61.0,media,OH
27,32.1111111111111,127.0,medinfo,OH
28,15.095238095238098,1379.0,mednurse,OH
29,17.94835164835165,503.0,medtech,OH
30,23.25257731958765,91.0,personal,OH
31,21.0,101.0,pharmacy,OH
32,21.078947368421048,213.0,project,OH
33,32.8,142.0,protective,OH
34,35.683333333333294,67.0,realestate,OH
35,17.6274193548387,1148.0,retail,OH
36,16.733333333333302,954.0,sales,OH
37,22.0185185185185,284.0,sanitation,OH
38,24.0,121.0,science,OH
39,19.80555555555555,430.0,service,OH
40,15.7741935483871,52.0,sports,OH
41,28.8235294117647,186.0,techhelp,OH
42,14.7777777777778,308.0,techinfo,OH
43,17.632653061224502,618.0,techsoftware,OH
44,13.95967741935485,335.0,therapy,OH
45,17.7142857142857,437.0,uncategorized,OH
46,12.933333333333302,46.0,veterinary,OH
47,36.6666666666667,320.0,warehouse,OH
0,25.0,424.0,accounting,OK
1,57.2,793.0,admin,OK
2,21.7777777777778,62.0,arts,OK
3,14.612903225806502,10.0,aviation,OK
4,28.0,152.0,construction,OK
5,27.6666666666667,661.0,customer,OK
6,18.5,868.0,driver,OK
7,12.7,477.0,education,OK
8,17.75,38.0,engcivil,OK
9,11.0,120.0,engid,OK
10,14.6433823529412,66.0,finance,OK
11,15.780612244897949,1104.0,food,OK
12,28.0,878.0,install,OK
13,16.35,1390.0,management,OK
14,24.0,298.0,manufacturing,OK
15,20.2426900584795,74.0,math,OK
16,13.785714285714299,352.0,meddr,OK
17,29.5454545454545,127.0,medinfo,OK
18,15.5,1379.0,mednurse,OK
19,18.2673267326733,503.0,medtech,OK
20,21.0,101.0,pharmacy,OK
21,34.2378787878788,67.0,realestate,OK
22,15.8474025974026,1148.0,retail,OK
23,26.0,954.0,sales,OK
24,18.033333333333303,284.0,sanitation,OK
25,39.494444444444454,430.0,service,OK
26,17.7808219178082,186.0,techhelp,OK
27,18.64,308.0,techinfo,OK
28,18.896551724137897,618.0,techsoftware,OK
29,15.56666666666665,335.0,therapy,OK
30,20.511904761904752,437.0,uncategorized,OK
31,43.47713414634145,320.0,warehouse,OK
0,34.4236111111111,424.0,accounting,OR
1,27.82142857142855,793.0,admin,OR
2,21.7777777777778,23.0,arch,OR
3,15.47119150690575,62.0,arts,OR
4,24.0,123.0,care,OR
5,16.0666666666667,314.0,childcare,OR
6,17.1813446969697,152.0,construction,OR
7,24.0,661.0,customer,OR
8,17.053846153846152,868.0,driver,OR
9,22.08333333333335,477.0,education,OR
10,19.457373271889402,42.0,engmech,OR
11,15.2536231884058,1104.0,food,OR
12,29.842156862745103,229.0,hr,OR
13,18.0,878.0,install,OR
14,26.0,78.0,insurance,OR
15,36.0357142857143,77.0,legal,OR
16,16.1428571428571,1390.0,management,OR
17,21.19142857142855,298.0,manufacturing,OR
18,26.4210526315789,193.0,marketing,OR
19,60.0,74.0,math,OR
20,17.0,352.0,meddr,OR
21,39.8571428571429,61.0,media,OR
22,21.8333333333333,127.0,medinfo,OR
23,16.0,1379.0,mednurse,OR
24,21.8029689608637,503.0,medtech,OR
25,12.9713855421687,91.0,personal,OR
26,18.5,213.0,project,OR
27,18.4545454545455,67.0,realestate,OR
28,13.6,1148.0,retail,OR
29,17.0666666666667,954.0,sales,OR
30,12.8461538461538,284.0,sanitation,OR
31,22.464285714285698,430.0,service,OR
32,20.088235294117652,186.0,techhelp,OR
33,29.410714285714302,308.0,techinfo,OR
34,14.8,618.0,techsoftware,OR
35,18.4838709677419,335.0,therapy,OR
36,26.503787878787904,50.0,transport,OR
37,13.0,437.0,uncategorized,OR
38,15.875,320.0,warehouse,OR
0,17.925213675213698,424.0,accounting,PA
1,28.2142857142857,793.0,admin,PA
2,13.907407407407401,62.0,arts,PA
3,24.747619047619054,123.0,care,PA
4,19.5806451612903,314.0,childcare,PA
5,16.489898989899,152.0,construction,PA
6,18.625,661.0,customer,PA
7,18.4252873563218,868.0,driver,PA
8,18.5474622239442,477.0,education,PA
9,13.34166666666665,38.0,engcivil,PA
10,21.496498599439754,120.0,engid,PA
11,53.0,42.0,engmech,PA
12,22.0454545454545,66.0,finance,PA
13,15.4545454545455,1104.0,food,PA
14,26.26666666666665,33.0,hospitality,PA
15,31.0,229.0,hr,PA
16,19.04,878.0,install,PA
17,19.4285714285714,78.0,insurance,PA
18,39.625,77.0,legal,PA
19,20.8571428571429,1390.0,management,PA
20,24.25,298.0,manufacturing,PA
21,15.8,193.0,marketing,PA
22,23.2272727272727,63.0,meddental,PA
23,15.1394230769231,352.0,meddr,PA
24,28.5,61.0,media,PA
25,26.2058823529412,127.0,medinfo,PA
26,16.5,1379.0,mednurse,PA
27,20.2258064516129,503.0,medtech,PA
28,15.3636363636364,19.0,military,PA
29,12.806122448979599,91.0,personal,PA
30,16.5638888888889,101.0,pharmacy,PA
31,21.5843373493976,213.0,project,PA
32,20.66666666666665,142.0,protective,PA
33,22.28,67.0,realestate,PA
34,17.322164948453597,1148.0,retail,PA
35,16.89756944444445,954.0,sales,PA
36,24.0,284.0,sanitation,PA
37,23.1853146853147,121.0,science,PA
38,19.0,430.0,service,PA
39,40.77777777777779,7.0,socialscience,PA
40,13.32,52.0,sports,PA
41,15.3088235294118,186.0,techhelp,PA
42,23.00081135902635,308.0,techinfo,PA
43,15.25,618.0,techsoftware,PA
44,15.62727272727275,335.0,therapy,PA
45,39.77777777777779,50.0,transport,PA
46,16.802631578947402,437.0,uncategorized,PA
47,28.007359307359298,46.0,veterinary,PA
48,18.1176470588235,320.0,warehouse,PA
0,9.16666666666667,62.0,arts,PR
1,12.51315789473685,868.0,driver,PR
2,36.3076923076923,38.0,engcivil,PR
3,14.591836734693901,1104.0,food,PR
4,36.7425742574257,229.0,hr,PR
5,24.238095238095198,298.0,manufacturing,PR
6,22.38215488215485,193.0,marketing,PR
7,26.928571428571402,1379.0,mednurse,PR
8,73.0,19.0,military,PR
9,18.8,101.0,pharmacy,PR
10,146.714285714286,1148.0,retail,PR
11,34.5,284.0,sanitation,PR
0,23.0,424.0,accounting,RI
1,116.875,793.0,admin,RI
2,20.73529411764705,314.0,childcare,RI
3,14.0,152.0,construction,RI
4,42.07322654462244,661.0,customer,RI
5,21.5909090909091,868.0,driver,RI
6,19.8135593220339,477.0,education,RI
7,19.564516129032302,38.0,engcivil,RI
8,16.4897959183673,42.0,engmech,RI
9,18.583823529411752,1104.0,food,RI
10,111.90909090909099,229.0,hr,RI
11,17.0,878.0,install,RI
12,22.551724137931,1390.0,management,RI
13,30.75,298.0,manufacturing,RI
14,14.17063492063495,1379.0,mednurse,RI
15,20.3469387755102,503.0,medtech,RI
16,11.708333333333302,91.0,personal,RI
17,18.5454545454545,1148.0,retail,RI
18,13.5873015873016,954.0,sales,RI
19,14.076923076923098,430.0,service,RI
20,15.05555555555555,186.0,techhelp,RI
0,43.5,424.0,accounting,SC
1,24.1820512820513,793.0,admin,SC
2,20.26470588235295,314.0,childcare,SC
3,21.627450980392197,152.0,construction,SC
4,23.0,661.0,customer,SC
5,15.15530303030305,868.0,driver,SC
6,16.8666666666667,477.0,education,SC
7,12.65,120.0,engid,SC
8,18.3076923076923,42.0,engmech,SC
9,16.033333333333303,1104.0,food,SC
10,19.1290322580645,33.0,hospitality,SC
11,47.46687370600411,229.0,hr,SC
12,23.6923076923077,878.0,install,SC
13,28.7073170731707,78.0,insurance,SC
14,17.85670995670995,1390.0,management,SC
15,21.5,298.0,manufacturing,SC
16,12.4615384615385,193.0,marketing,SC
17,59.5,74.0,math,SC
18,16.8461538461538,63.0,meddental,SC
19,16.0,352.0,meddr,SC
20,14.366197183098599,61.0,media,SC
21,20.25,127.0,medinfo,SC
22,14.1111111111111,1379.0,mednurse,SC
23,29.571428571428598,503.0,medtech,SC
24,31.3529411764706,101.0,pharmacy,SC
25,36.716666666666654,142.0,protective,SC
26,18.0,1148.0,retail,SC
27,20.1449275362319,954.0,sales,SC
28,26.825,284.0,sanitation,SC
29,34.6732673267327,430.0,service,SC
30,17.76,186.0,techhelp,SC
31,22.0,308.0,techinfo,SC
32,14.9655172413793,618.0,techsoftware,SC
33,17.663461538461547,335.0,therapy,SC
34,87.3333333333333,50.0,transport,SC
35,16.28333333333335,437.0,uncategorized,SC
36,72.3333333333333,320.0,warehouse,SC
0,43.65,424.0,accounting,SD
1,19.91666666666665,793.0,admin,SD
2,18.2,123.0,care,SD
3,26.0,152.0,construction,SD
4,20.0625,661.0,customer,SD
5,19.6818181818182,868.0,driver,SD
6,17.6129032258065,1104.0,food,SD
7,19.7777777777778,229.0,hr,SD
8,23.1176470588235,878.0,install,SD
9,15.25,1390.0,management,SD
10,39.74,298.0,manufacturing,SD
11,12.0588235294118,63.0,meddental,SD
12,11.5,1379.0,mednurse,SD
13,21.1386138613861,503.0,medtech,SD
14,15.29521276595745,1148.0,retail,SD
15,17.86,954.0,sales,SD
16,87.78947368421049,430.0,service,SD
17,32.7524752475247,308.0,techinfo,SD
18,20.34375,618.0,techsoftware,SD
19,98.5,320.0,warehouse,SD
0,17.533333333333303,424.0,accounting,TN
1,21.875,793.0,admin,TN
2,18.6666666666667,23.0,arch,TN
3,15.62433155080215,123.0,care,TN
4,17.529411764705902,314.0,childcare,TN
5,20.3333333333333,152.0,construction,TN
6,19.98655913978495,661.0,customer,TN
7,16.36666666666665,868.0,driver,TN
8,17.296875,477.0,education,TN
9,42.5,120.0,engid,TN
10,37.0,42.0,engmech,TN
11,35.1428571428571,66.0,finance,TN
12,16.66666666666665,1104.0,food,TN
13,22.44285714285715,33.0,hospitality,TN
14,22.70208333333335,229.0,hr,TN
15,22.003968253968253,878.0,install,TN
16,18.73397435897435,78.0,insurance,TN
17,31.2916666666667,77.0,legal,TN
18,18.32285714285715,1390.0,management,TN
19,25.9393939393939,298.0,manufacturing,TN
20,10.0,74.0,math,TN
21,16.5,352.0,meddr,TN
22,36.2857142857143,127.0,medinfo,TN
23,15.708333333333302,1379.0,mednurse,TN
24,20.47349337334335,503.0,medtech,TN
25,22.3333333333333,101.0,pharmacy,TN
26,22.1047619047619,213.0,project,TN
27,177.0,142.0,protective,TN
28,33.12,67.0,realestate,TN
29,13.9233870967742,1148.0,retail,TN
30,20.175,954.0,sales,TN
31,30.5,284.0,sanitation,TN
32,20.0714285714286,121.0,science,TN
33,21.11111111111115,430.0,service,TN
34,26.0,186.0,techhelp,TN
35,20.9130434782609,308.0,techinfo,TN
36,19.57142857142855,618.0,techsoftware,TN
37,17.0,335.0,therapy,TN
38,14.1,50.0,transport,TN
39,13.076923076923098,437.0,uncategorized,TN
40,17.8024691358025,320.0,warehouse,TN
0,24.5,424.0,accounting,TX
1,41.4838709677419,793.0,admin,TX
2,32.6470588235294,3.0,agriculture,TX
3,237.5,23.0,arch,TX
4,24.32735294117645,62.0,arts,TX
5,19.522727272727252,10.0,aviation,TX
6,17.3928571428571,123.0,care,TX
7,19.0,314.0,childcare,TX
8,18.35164835164835,152.0,construction,TX
9,23.181818181818198,661.0,customer,TX
10,19.28508771929825,868.0,driver,TX
11,17.153846153846153,477.0,education,TX
12,61.8571428571429,7.0,engchem,TX
13,15.733333333333302,38.0,engcivil,TX
14,23.20833333333335,38.0,engelectric,TX
15,23.0,120.0,engid,TX
16,14.0,66.0,finance,TX
17,16.4827586206897,1104.0,food,TX
18,37.068965517241395,33.0,hospitality,TX
19,29.0,229.0,hr,TX
20,19.1538461538462,878.0,install,TX
21,26.33017135862915,78.0,insurance,TX
22,26.39285714285715,77.0,legal,TX
23,17.7143928035982,1390.0,management,TX
24,27.23484848484845,298.0,manufacturing,TX
25,25.8,193.0,marketing,TX
26,44.113636363636346,74.0,math,TX
27,15.6558441558442,63.0,meddental,TX
28,14.732758620689651,352.0,meddr,TX
29,46.59375,61.0,media,TX
30,25.2965920155794,127.0,medinfo,TX
31,15.708333333333302,1379.0,mednurse,TX
32,21.44270833333335,503.0,medtech,TX
33,61.54166666666665,19.0,military,TX
34,13.0714285714286,91.0,personal,TX
35,14.928571428571452,101.0,pharmacy,TX
36,18.817258064516153,213.0,project,TX
37,27.0,142.0,protective,TX
38,37.35197368421055,67.0,realestate,TX
39,17.36944444444445,1148.0,retail,TX
40,17.864661654135347,954.0,sales,TX
41,20.53846153846155,284.0,sanitation,TX
42,21.7037037037037,121.0,science,TX
43,22.8333333333333,430.0,service,TX
44,26.5,7.0,socialscience,TX
45,15.1735294117647,52.0,sports,TX
46,17.411330049261103,186.0,techhelp,TX
47,23.35964912280705,308.0,techinfo,TX
48,17.888888888888896,618.0,techsoftware,TX
49,14.166666666666698,335.0,therapy,TX
50,16.0490196078431,50.0,transport,TX
51,15.4285714285714,437.0,uncategorized,TX
52,17.678799489144296,46.0,veterinary,TX
53,24.1670792079208,320.0,warehouse,TX
0,271.5,424.0,accounting,UNKNOWN
1,38.93333333333335,793.0,admin,UNKNOWN
2,18.684210526315802,152.0,construction,UNKNOWN
3,16.0,868.0,driver,UNKNOWN
4,18.0,477.0,education,UNKNOWN
5,19.6666666666667,120.0,engid,UNKNOWN
6,22.5,66.0,finance,UNKNOWN
7,14.568181818181799,1104.0,food,UNKNOWN
8,35.5625,229.0,hr,UNKNOWN
9,15.6206896551724,878.0,install,UNKNOWN
10,20.0,78.0,insurance,UNKNOWN
11,18.07978723404255,1390.0,management,UNKNOWN
12,29.5,298.0,manufacturing,UNKNOWN
13,439.793103448276,193.0,marketing,UNKNOWN
14,589.481481481482,74.0,math,UNKNOWN
15,13.785858585858549,352.0,meddr,UNKNOWN
16,144.461538461538,127.0,medinfo,UNKNOWN
17,16.28,1379.0,mednurse,UNKNOWN
18,15.71875,503.0,medtech,UNKNOWN
19,20.5,213.0,project,UNKNOWN
20,22.3333333333333,142.0,protective,UNKNOWN
21,21.63,1148.0,retail,UNKNOWN
22,30.0,954.0,sales,UNKNOWN
23,13.4,121.0,science,UNKNOWN
24,26.0,430.0,service,UNKNOWN
25,32.2034632034632,186.0,techhelp,UNKNOWN
26,55.3333333333333,308.0,techinfo,UNKNOWN
27,20.611111111111104,618.0,techsoftware,UNKNOWN
28,13.976744186046501,50.0,transport,UNKNOWN
29,29.3333333333333,437.0,uncategorized,UNKNOWN
0,19.237499999999997,424.0,accounting,UT
1,22.26638176638175,793.0,admin,UT
2,28.2727272727273,62.0,arts,UT
3,402.875,10.0,aviation,UT
4,21.34375,123.0,care,UT
5,16.45833333333335,314.0,childcare,UT
6,14.25,152.0,construction,UT
7,20.08333333333335,661.0,customer,UT
8,18.1513409961686,868.0,driver,UT
9,22.55806451612905,477.0,education,UT
10,37.9230769230769,38.0,engelectric,UT
11,18.0724925521351,120.0,engid,UT
12,16.9830508474576,66.0,finance,UT
13,18.196428571428548,1104.0,food,UT
14,39.0,229.0,hr,UT
15,17.28333333333335,878.0,install,UT
16,13.833333333333302,78.0,insurance,UT
17,15.64473684210525,77.0,legal,UT
18,17.0909090909091,1390.0,management,UT
19,17.37362637362635,298.0,manufacturing,UT
20,29.1176470588235,193.0,marketing,UT
21,19.75,352.0,meddr,UT
22,20.6666666666667,61.0,media,UT
23,22.968253968253947,127.0,medinfo,UT
24,20.1875,1379.0,mednurse,UT
25,13.76,503.0,medtech,UT
26,14.132653061224499,91.0,personal,UT
27,14.92832167832165,101.0,pharmacy,UT
28,21.3333333333333,213.0,project,UT
29,18.13,142.0,protective,UT
30,20.0454545454545,1148.0,retail,UT
31,16.946428571428548,954.0,sales,UT
32,19.0,121.0,science,UT
33,23.249615975422397,430.0,service,UT
34,14.529411764705902,186.0,techhelp,UT
35,14.625,618.0,techsoftware,UT
36,14.699739470256198,437.0,uncategorized,UT
37,17.36,46.0,veterinary,UT
38,63.05555555555545,320.0,warehouse,UT
0,22.3333333333333,424.0,accounting,VA
1,21.0,793.0,admin,VA
2,16.4545454545455,23.0,arch,VA
3,23.588095238095203,62.0,arts,VA
4,18.01020408163265,123.0,care,VA
5,16.79166666666665,314.0,childcare,VA
6,20.3870967741935,152.0,construction,VA
7,23.5,661.0,customer,VA
8,17.625,868.0,driver,VA
9,17.8333333333333,477.0,education,VA
10,32.81666666666665,38.0,engcivil,VA
11,25.142857142857103,38.0,engelectric,VA
12,16.8352941176471,120.0,engid,VA
13,31.5,42.0,engmech,VA
14,18.5777777777778,1104.0,food,VA
15,23.0,33.0,hospitality,VA
16,33.2408064516129,229.0,hr,VA
17,16.4074074074074,878.0,install,VA
18,73.4421052631579,78.0,insurance,VA
19,16.7058823529412,1390.0,management,VA
20,41.0,298.0,manufacturing,VA
21,29.0,193.0,marketing,VA
22,21.75,74.0,math,VA
23,21.4718309859155,352.0,meddr,VA
24,17.5454545454545,61.0,media,VA
25,14.5625,127.0,medinfo,VA
26,16.7894736842105,1379.0,mednurse,VA
27,22.706521739130398,503.0,medtech,VA
28,13.245535714285701,19.0,military,VA
29,15.0,101.0,pharmacy,VA
30,17.35004142502075,213.0,project,VA
31,16.6,142.0,protective,VA
32,18.495126705653,67.0,realestate,VA
33,17.733333333333302,1148.0,retail,VA
34,19.7142857142857,954.0,sales,VA
35,22.5964360587002,284.0,sanitation,VA
36,15.03333333333335,121.0,science,VA
37,28.31857142857145,430.0,service,VA
38,14.8068181818182,52.0,sports,VA
39,17.0,186.0,techhelp,VA
40,15.8,308.0,techinfo,VA
41,19.14285714285715,618.0,techsoftware,VA
42,13.428571428571452,335.0,therapy,VA
43,16.0,50.0,transport,VA
44,14.982758620689651,437.0,uncategorized,VA
45,14.886217948717949,46.0,veterinary,VA
46,35.1547619047619,320.0,warehouse,VA
0,34.0,793.0,admin,VT
1,20.1428571428571,123.0,care,VT
2,18.4333333333333,661.0,customer,VT
3,14.19166666666665,868.0,driver,VT
4,19.75,477.0,education,VT
5,17.1666666666667,1104.0,food,VT
6,12.0,33.0,hospitality,VT
7,22.64736070381235,878.0,install,VT
8,14.8024691358025,1379.0,mednurse,VT
9,17.5,503.0,medtech,VT
10,13.5,19.0,military,VT
11,15.4,213.0,project,VT
12,15.9375,1148.0,retail,VT
13,18.7857142857143,954.0,sales,VT
14,19.16883116883115,284.0,sanitation,VT
15,27.25,618.0,techsoftware,VT
16,11.642857142857098,335.0,therapy,VT
17,28.0,50.0,transport,VT
18,19.4333333333333,46.0,veterinary,VT
19,18.85133239831695,320.0,warehouse,VT
0,16.89148073022315,424.0,accounting,WA
1,19.538461538461497,793.0,admin,WA
2,29.2,23.0,arch,WA
3,44.939519469759745,62.0,arts,WA
4,19.80333333333335,123.0,care,WA
5,17.125,314.0,childcare,WA
6,82.3,152.0,construction,WA
7,24.6041666666667,661.0,customer,WA
8,19.3055555555556,868.0,driver,WA
9,15.48214285714285,477.0,education,WA
10,16.1864406779661,38.0,engelectric,WA
11,30.0,120.0,engid,WA
12,73.375,66.0,finance,WA
13,15.3265306122449,1104.0,food,WA
14,15.225806451612899,229.0,hr,WA
15,14.711703958691952,878.0,install,WA
16,11.0,78.0,insurance,WA
17,35.83333333333335,77.0,legal,WA
18,15.42785714285715,1390.0,management,WA
19,20.22,298.0,manufacturing,WA
20,15.835020242914949,193.0,marketing,WA
21,23.0,63.0,meddental,WA
22,13.586842105263152,352.0,meddr,WA
23,17.9807692307692,127.0,medinfo,WA
24,14.5573770491803,1379.0,mednurse,WA
25,17.204051012753197,503.0,medtech,WA
26,17.4065217391304,19.0,military,WA
27,13.599598930481303,91.0,personal,WA
28,9.0,101.0,pharmacy,WA
29,17.16666666666665,213.0,project,WA
30,43.164179104477604,142.0,protective,WA
31,26.5,67.0,realestate,WA
32,16.4612068965517,1148.0,retail,WA
33,16.5588235294118,954.0,sales,WA
34,24.06478658536585,284.0,sanitation,WA
35,22.571428571428598,121.0,science,WA
36,19.763377926421402,430.0,service,WA
37,16.470588235294098,52.0,sports,WA
38,19.6666666666667,186.0,techhelp,WA
39,19.1089108910891,308.0,techinfo,WA
40,15.387096774193498,618.0,techsoftware,WA
41,10.83823529411765,335.0,therapy,WA
42,23.0,437.0,uncategorized,WA
43,22.1666666666667,46.0,veterinary,WA
44,38.45,320.0,warehouse,WA
0,28.8387096774194,424.0,accounting,WI
1,22.6666666666667,793.0,admin,WI
2,14.909090909090901,62.0,arts,WI
3,15.25,123.0,care,WI
4,18.53529411764705,314.0,childcare,WI
5,16.8,152.0,construction,WI
6,17.04166666666665,661.0,customer,WI
7,13.2608695652174,868.0,driver,WI
8,16.092032967033,477.0,education,WI
9,14.8888888888889,38.0,engelectric,WI
10,22.5,120.0,engid,WI
11,30.0,42.0,engmech,WI
12,45.0,66.0,finance,WI
13,15.538324420677348,1104.0,food,WI
14,19.772727272727302,229.0,hr,WI
15,17.6,878.0,install,WI
16,18.1333333333333,78.0,insurance,WI
17,18.100900423728802,77.0,legal,WI
18,16.733333333333302,1390.0,management,WI
19,17.4,298.0,manufacturing,WI
20,25.76666666666665,193.0,marketing,WI
21,13.5211267605634,74.0,math,WI
22,14.429166666666651,352.0,meddr,WI
23,16.377358490566,127.0,medinfo,WI
24,15.7050997782705,1379.0,mednurse,WI
25,20.272727272727302,503.0,medtech,WI
26,15.1904761904762,91.0,personal,WI
27,11.0,101.0,pharmacy,WI
28,14.295739348370901,213.0,project,WI
29,29.9047619047619,142.0,protective,WI
30,17.5,1148.0,retail,WI
31,16.5656565656566,954.0,sales,WI
32,16.3870967741935,284.0,sanitation,WI
33,36.7857142857143,121.0,science,WI
34,17.91496598639455,430.0,service,WI
35,34.0,186.0,techhelp,WI
36,17.4014778325123,308.0,techinfo,WI
37,21.5,618.0,techsoftware,WI
38,15.0,335.0,therapy,WI
39,22.875,50.0,transport,WI
40,14.522609819121449,437.0,uncategorized,WI
41,24.0975609756098,46.0,veterinary,WI
42,21.9090909090909,320.0,warehouse,WI
0,57.67924528301889,793.0,admin,WV
1,16.6666666666667,314.0,childcare,WV
2,14.143333333333349,661.0,customer,WV
3,19.0,868.0,driver,WV
4,11.285714285714299,477.0,education,WV
5,14.225,120.0,engid,WV
6,15.505050505050548,1104.0,food,WV
7,14.125,33.0,hospitality,WV
8,74.5,229.0,hr,WV
9,70.18518518518499,878.0,install,WV
10,8.5,1390.0,management,WV
11,14.8,352.0,meddr,WV
12,27.10353535353535,127.0,medinfo,WV
13,15.285714285714299,1379.0,mednurse,WV
14,21.095238095238102,503.0,medtech,WV
15,9.0,91.0,personal,WV
16,19.4347826086957,101.0,pharmacy,WV
17,38.1428571428571,213.0,project,WV
18,17.1,1148.0,retail,WV
19,18.6172839506173,954.0,sales,WV
20,18.1428571428571,284.0,sanitation,WV
21,23.1149425287356,121.0,science,WV
22,27.9,430.0,service,WV
23,18.5555555555556,186.0,techhelp,WV
24,12.95833333333335,335.0,therapy,WV
25,16.9137931034483,437.0,uncategorized,WV
26,33.9222222222222,320.0,warehouse,WV
0,19.043478260869602,314.0,childcare,WY
1,15.4347826086957,661.0,customer,WY
2,28.9545454545455,868.0,driver,WY
3,15.524390243902449,477.0,education,WY
4,23.15,1104.0,food,WY
5,17.208791208791197,878.0,install,WY
6,12.0,1390.0,management,WY
7,13.365853658536599,1379.0,mednurse,WY
8,28.0851063829787,503.0,medtech,WY
9,13.772727272727302,1148.0,retail,WY
10,24.68333333333335,954.0,sales,WY
11,15.8,430.0,service,WY
12,17.0,335.0,therapy,WY
13,13.5,437.0,uncategorized,WY
